query_id	image_path
speed-001	vibes_riesling_silvaner_risling_beloe_suhoe_115_a7230a5536.webp
speed-002	thumbnail_OTR_08388_e766a0e0a7.webp
speed-003	thumbnail_Mezenka_Merlo_a57948ccce.webp
speed-004	Levkadiya_rozovoe_1_fdd3f9f4fd.webp
speed-005	thumbnail_Komunalka_II_93b08ae46e.webp
speed-006	thumbnail_800_4233_HDR_25566a2a57.webp
speed-007	thumbnail_14_07_iz_chego_delayut_vino_401bda2d96.webp
speed-008	25_08_6d4ec49ede.webp
speed-009	thumbnail_Belyj_russkij_s_vodkoj_825f087a5e.webp
speed-010	ii_pochvy2_a8723d3dde.webp
speed-011	medium_vaynkraft_traminer_traminer_rozovyy_beloe_suhoe_14_7301148f29.webp
speed-012	thumbnail_vinodelnya_myshako_shiraz_black_out_krasnoe_suhoe_152_117767d8a2.webp
speed-013	soyuz_vino_kubanskoe_traditsionnoe_krasnoe_polusladkoe_krasnye_sorta_vinograda_11_2dbb69f817.webp
speed-014	thumbnail_vinodelnya_vedernikov_gubernatorskoe_kaberne_krasnostop_zolotovskiy_krasnoe_suhoe_12_62ddf16cc6.webp
speed-015	thumbnail_L1002049_1_097b16623e.webp
speed-016	IMG_6929_33c5198181.webp
speed-017	sober_bash_saperavi_krasnoe_suhoe_13_07a0953b2b.webp
speed-018	image_28_06_26_06_42_97b6dc7baa.webp
speed-019	medium_esse_chenin_blanc_shenen_blan_beloe_suhoe_12_d814751e86.webp
speed-020	chateau_de_talu_enolog_kaberne_sovinon_krasnoe_suhoe_15_a5c6b551a6.webp
speed-021	thumbnail_fanagoriya_solera_moscatel_oro_muskat_ottonel_beloe_suhoe_16_9b53f1b676.webp
speed-022	thumbnail_DSC_09334_5a8f00981c.webp
speed-023	medium_alma_valley_alma_graviti_pino_nuar_merlo_kaberne_sovinon_krasnoe_suhoe_14_aed5a84143.webp
speed-024	medium_Karmener_listya_7ebb0fd9bd.webp
speed-025	Sary_Pandas_Polina_Kapelyush_4f3523d322.webp
speed-026	thumbnail_14x_866a972fbd.webp
speed-027	thumbnail_belbek_muskat_oranzh_muskat_belyy_oranzhevoe_suhoe_125_15ac5f6bc6.webp
speed-028	photo_2026_03_04_21_25_49_05d96d070d.webp
speed-029	thumbnail_image_05_06_26_01_14_f86959cabb.webp
speed-030	vinodelnya_myshako_quintessence_brut_vione_igristoe_bryut_beloe_115_31a5f96a86.webp
speed-031	fanagoriya_fanagoriya_bryut_rozovoe_sovinon_blan_igristoe_bryut_rozovoe_11_13_88695c0088.webp
speed-032	massandra_muskatel_chernyy_krasnye_sorta_vinograda_krasnoe_sladkoe_16_b35635608c.webp
speed-033	05_bc3b316b0a.webp
speed-034	thumbnail_photo_2025_08_06_20_33_21_83bcdbe2d7.webp
speed-035	thumbnail_generated_image_20251226211240_269533a952.webp
speed-036	thumbnail_vinodelnya_raevskoe_parfyum_de_terruar_risling_beloe_suhoe_12_8823716922.webp
speed-037	usadba_divnomorskoe_marselan_marselan_krasnoe_suhoe_149_cfc4d7c708.webp
speed-038	thumbnail_fanagoriya_brule_frizzante_polusladkoe_beloe_pino_nuar_11_ddb87e2e2b.webp
speed-039	medium_vinodelnya_raevskoe_renessans_shardone_beloe_suhoe_128_47261bcba1.webp
speed-040	nano_banana_20260426_133313_5834561c_597c962175.webp
speed-041	IMG_0472_12eb6927c4.webp
speed-042	Sandzhoveze_92a9e9abe2.webp
speed-043	small_aya_organic_wine_vineyards_evolution_pinot_noir_pino_nuar_krasnoe_suhoe_125_b0f9aa751e.webp
speed-044	thumbnail_IROD_9132_6d391ff759.webp
speed-045	thumbnail_vina_Predgorya_04b839fe36.webp
speed-046	large_Senso2_6fa8d0a0ec.webp
speed-047	thumbnail_gunko_winery_saperavi_gunko_winery_krasnoe_suhoe_135_530300631c.webp
speed-048	large_tumen_75a149a159.webp
speed-049	thumbnail_Malvaziya_2_6fa1f30062.webp
speed-050	medium_bogovich_wine_vineyard_klaret_pino_nuar_krasnoe_suhoe_119_77d8d4b842.webp
speed-051	thumbnail_vinodelnya_marchenko_rkatsiteli_beloe_suhoe_135_17aa4b13da.webp
speed-052	thumbnail_feedback_acd01d2189.webp
speed-053	soyuz_vino_kubanskoe_traditsionnoe_beloe_polusladkoe_belye_sorta_vinograda_11_da04d4179e.webp
speed-054	small_esse_esse_shardone_beloe_suhoe_125_a64096d1a1.webp
speed-055	thumbnail_Sh_T_NATURE_ROSE_58220fcdfe.webp
speed-056	Foto_press_sluzhba_Aristov_Kaberne_Gryuner_c33733eaba.webp
speed-057	thumbnail_IMG_8047_f897141a96.webp
speed-058	novyy_svet_dom_shampanskih_vin_novyy_svet_pino_nuar_igristoe_bryut_rozovoe_13_44fddc2b18.webp
speed-059	IMG_8064_2cc6da14b6.webp
speed-060	Desono_Risling_b70f2d30ac.webp
speed-061	small_loco_cimbali_risling_beloe_suhoe_125_b5c98f4d21.webp
speed-062	medium_vinodelnya_uzunov_glad_shardone_igristoe_ekstra_bryut_beloe_127_7d4577552b.webp
speed-063	large_nikolaev_i_synovya_shardone_beloe_suhoe_125_2df587fd35.webp
speed-064	thumbnail_vinodelnya_myshako_shardone_avtorskaya_tehnologiya_beloe_suhoe_155_ddb9b56c41.webp
speed-065	thumbnail_agoratr_498b945d59.webp
speed-066	thumbnail_Faben_f2df655b44.webp
speed-067	thumbnail_photo_2026_03_02_18_27_55_7cbc2f5959.webp
speed-068	Screenshot_35_b0b9229428.webp
speed-069	thumbnail_IMG_7631_77cf25371d.webp
speed-070	thumbnail_El_Prezidente_cfdbc12d77.webp
speed-071	small_vinodelnya_raevskoe_renessans_vione_beloe_suhoe_122_8d857ddfa3.webp
speed-072	large_DSC_00010_770bac47b7.webp
speed-073	thumbnail_L1005577_481dda7ff1.webp
speed-074	bottle_02_Cabernet_Franc_ec42fb71c4.webp
speed-075	tarelka_s_ryboi_i_zelen_u_aeb40a672c_ac0ea5b528.webp
speed-076	Zavod_marochnyh_vin_Koktebel_74a94697fa.webp
speed-077	thumbnail_Generated_Image_March_29_2026_4_01_PM_0dc9d3eb1a.webp
speed-078	fanagoriya_457e33d26e.webp
speed-079	thumbnail_Sikory_6_8c7456b685.webp
speed-080	edited_image_20251212172704_ee69084c91.webp
speed-081	thumbnail_belmas_winery_cabernet_sauvignon_rose_belmas_kaberne_sovinon_rozovoe_suhoe_13_d837f5aa21.webp
speed-082	thumbnail_Generated_Image_June_22_2026_10_44_PM_1_6fd1a74a1b.webp
speed-083	medium_sikory_7a9572ec01_cd2996e455_d5d6df595d.webp
speed-084	image_04_09_26_03_32_0c12c88890.webp
speed-085	Gin1_9a3478d327.webp
speed-086	thumbnail_Risling_6d778a7d72.webp
speed-087	Foto_soczseti_platki_Russkie_v_mode_819bbb1bcf.webp
speed-088	large_Myuller_Turgau_1_a27c963015.webp
speed-089	thumbnail_Anton_Katarzhin_vinodel_vinodelni_Yubilejnaya_c0e9e2aa80.webp
speed-090	thumbnail_zmv_koktebel_bastardo_krasnoe_suhoe_14_493c75d397.webp
speed-091	PU_Sjv7dn_M_Nil_H25_TO_9_Bcb_G_Lfwi_SE_8_H5cq_Xo_T_Ec1_yac_Fq_C67_G_Bdpq_E3_H_Xb_Aj_Cyq73a90_Q8_Kp_BC_64_Bcw_S_Wo_Q_a100d7b92b.webp
speed-092	thumbnail_uppa_winery_nebbiolo_krasnoe_suhoe_14_2d7e43d3e7.webp
speed-093	IMG_5436_45886131ef.webp
speed-094	DSC_00155_50a07876e1.webp
speed-095	small_FZ_0_A3030_53ed057fce_738a751443_379106697b.webp
speed-096	thumbnail_dd447c3d_dfec_11ec_9bf4_001517de1403_e35724f5_e899_293d7c59ec.webp
speed-097	thumbnail_koktejl_Aviacziya_s_dzhinom_9be7c3ffc4.webp
speed-098	medium_Nikolaev_i_synovya_ca7777bc01.webp
speed-099	gunko_winery_sovinon_blan_gunko_winery_beloe_suhoe_135_018fec8f4b.webp
speed-100	thumbnail_Dolina_Lefkadia_Amphora_4_3cf0f14d3a.webp
